Name,Company,Gender,TopNotes,MiddleNotes,BaseNotes
No 5,Chanel,feminine,ylang-ylang/neroli/aldehydes,jasmine/mayrose,sandalwood/vetiver
No 22,Chanel,feminine,aldehydes,jasmine/tuberose/ylang-ylang/rose,vetiver/vanilla/incense
No 19,Chanel,feminine,galbanum/bergamot/neroli/hyacinth,rose/orris/jasmine/narcissus/muguet/ylang-ylang,musk/sandal/oakmoss/leather/cedarwood
Cristalle Eau de Toilette,Chanel,feminine,sicilian lemon/bergamot,rosewood/hyacinth,oakmoss/vetiver
Coco,Chanel,feminine,angelica/mimosa/frangipani/mandarin,cascarilla/orange flower/bulgarian rose/jasmine,labdanum/ambrette seed/opopanax/benzoin/tonka/vanilla
Coco Mademoiselle,Chanel,feminine,orange/bergamot/grapefruit,litchi/rose/italian jasmine,indonesian patchouli/haitian vetiver/bourbon vanilla/white musk
Cristalle Eau de Parfum,Chanel,feminine,mandarin/peach/lily of the valley/sicilian lemon/bergamot,jasmine/iris/rosewood/hyacinth,vetiver/oakmoss
Allure Homme,Chanel,masculine,bergamot/mandarin/citron zest,jamaican pepper,vetiver/patchouli/sandalwood/cedarwood/tonka bean/labdanum
Antaeus,Chanel,masculine,clary sage/myrtle,patchouli/sandalwood,labdanum/beeswax absolute
Chanel Pour Monsieur,Chanel,masculine,neroli/lemon/petitgrain,cardamom,cedarwood/oakmoss/vetiver
Chanel Pour Monsieur Concentree,Chanel,masculine,mandarine/lavender/petitgrain,cardamom/nutmeg,oakmoss/vetiver/opoponax/vanilla
Egoiste / L'Egoiste,Chanel,masculine,sicilian tangerine/brazilian rosewood,coriander/damask rose,sandalwood/vanilla/ambrette seed
Platinum Egoiste,Chanel,masculine,lavender/rosemary/petitgrain,clary sage/geranium/galbanum,vetiver/cedarwood/labdanum/treemoss
Allure Homme Sport,Chanel,masculine,aldehydes/mandarin/orange/aquatic note,black pepper/neroli/cedar,tonka/vetiver/amber/white musk
Allure Sensuelle,Chanel,feminine,bergamot/mandarin/pink pepper,jasmine/rose/iris/candied fruit/vetiver,"french vanilla/amber/patchouli/frankincense/""sensual note"""
Chance Eau Fraiche,Chanel,feminine,citron/water hyacinth,jasmine absolute/white musk,vetiver/amber/patchouli/teak
No 46,Chanel,feminine,bergamot/orange/neroli,rose/lily of the valley-ylang-jasmin,vetiver/orris/sandalwood/coumarin/vanilla infusion/musk
Chance Eau Tendre,Chanel,feminine,grapefruit/quince,hyacinth/jasmine,amber/cedar/iris/white musk
No 19 Poudre,Chanel,feminine,mandarin/neroli,iris/jasmine/galbanum/vetiver/hyacinth,musk/tonka bean
Coco Mademoiselle L'Extrait,Chanel,feminine,sicilian orange/calabrian bergamot,may rose/jasmine/florentine iris,patchouli/vetiver/bourbon vanilla/white musk
Coco Noir,Chanel,feminine,grapefruit/bergamot,rose/jasmine/indonesian patchouli,sandalwood/brazilian tonka bean/white musk
1932,Chanel,feminine,aldehydes/bergamot/neroli,jasmine/rose/lilac/carnation/ylang-ylang,vetiver/sandalwood/opoponax/orris root/coumarin/ambrette/musk/incense/vanilla/iralia
Miss Dior,Christian Dior,feminine,galbanum,jasmine,patchouli
Diorissimo,Christian Dior,feminine,muguet/ylang-ylang,amaryllis/boronia,jasmine
Dioressence,Christian Dior,feminine,violet/rosebud,geranium,cinnamon/patchouli
Diorella,Christian Dior,feminine,sicilian lemon/peach/asil/italian bergamot/melon/green notes,honeysuckle/jasmine/violet/rose bud/carnation/cyclamen/oakmoss,vanilla/clove/sandalwood/vetiver/musk/patchouli
Dolce Vita,Christian Dior,feminine,rose/magnolia/muguet,apricot/peach/cinnamon,sandalwood/vanilla/heliotrope
Eau de Dolce Vita,Christian Dior,feminine,citrus notes/pear blossom,jasmine petals/peony/freesia/white pepper,sandalwood/soft vanilla
Hypnotic Poison,Christian Dior,feminine,caraway/bitter almond,jasmine sambac/moss,jacarander wood/vanilla/musk
Dune pour Homme,Christian Dior,masculine,fig leaves/basil leaves/blackcurrant leaves/mandarin,new hedione/moss/sage,fig tree wood/sandalwood/cedarwood/tonka bean
Eau Sauvage,Christian Dior,masculine,lemon/rosemary,petitgrain/basil,vetiver
Eau Sauvage Extreme,Christian Dior,masculine,lavender/rosemary,genista,cedarwood/cistus
Fahrenheit,Christian Dior,masculine,hawthorn/honeysuckle,sandalwood,lenstiscus/styrax (benzoin)
Higher,Christian Dior,masculine,citrus notes/basil/pear,spicy notes/cypress/rosemary flower,pear tree wood/musk
Jules,Christian Dior,masculine,galbanum,black pepper,cedarwood/sandalwood/russian leather
Fahrenheit 0 Degres,Christian Dior,masculine,citrus,violet/freesia/sandal,patchouli/cedar
Higher Black,Christian Dior,masculine,citrus notes/basil/pear,spicy notes/cypress/rosemary flower,pear tree wood/musk
Dior Addict Eau Fraiche,Christian Dior,feminine,mandarin/mandarin leaf/vanilla/bergamot,gardenia/bulgarian rose/tuberose/jasmine,rosewood/sandalwood
Dior Addict Dior Twist,Christian Dior,feminine,mandarin leaf/silk tree flower,bulgarian rose/orange blossom/night queen flower,bourbon vanilla/mysore sandalwood/tonka bean
Forever and Ever Dior,Christian Dior,feminine,ivy leaves/freesia petals/water jasmine,rose/almond blossoms/geranium,vanilla/musk/ambrette seeds
Fahrenheit 32,Christian Dior,masculine,orange blossom,vetiver,vanilla
Midnight Poison,Christian Dior,feminine,bergamot/orange,rose,patchouli/amber
Miss Dior Cherie Eau de Printemps,Christian Dior,feminine,blood orange essence/calabrain bergamot,jasmine absolute/orange blossom/rose,patchouli
Bronze Sweet Sun,Christian Dior,feminine,mandarin/orange,jasmine/tiare flower,ginger/musk/vanilla
Hypnotic Poison Eau Sensuelle,Christian Dior,feminine,ylang-ylang/orange blossom,tuberose/vanilla/orchid,sandalwood/musk
Granville,Christian Dior,unisex,lemon/mandarin/thyme,rosemary/pine/gorse,black pepper/sandalwood/oakmoss
Escale aux Marquises,Christian Dior,unisex,blood orange/pink pepper/cardamom/pepper/amalfi lemon/tiare flower,cinnamon/ginger/clove/nutmeg/coriander/elemi resin,benzoin/vanilla
Eau Sauvage Extreme (new / Intense),Christian Dior,masculine,sicilian lemon,lavender of vaucluse,virginia cedar
Miss Dior Eau Fraiche,Christian Dior,feminine,bergamot/fresh notes,gardenia/floral notes,patchouli/sweet notes
Aqua Fahrenheit,Christian Dior,masculine,citruses/tangerine/grapefruit,violet leaf/basil/mint,vetiver from haiti/leather
Dior Addict to Life,Christian Dior,feminine,pomegranate/raspberry/peach,rose/jasmine/lily of the valley,cedar/white musk
Eau Sauvage Parfum,Christian Dior,masculine,bergamot,myrrh,vetiver
Escale a Parati,Christian Dior,unisex,bitter orange/lemon/petitgrain,rosewood/mint/cinnamon/red berries,tonka bean/woods
Grand Bal,Christian Dior,feminine,bergamot/jasmine,ylang ylang/tunisian orange blossom,new caledonia sandalwood/musk
Oud Ispahan,Christian Dior,unisex,labdanum,indonesian patchouli,laotian oud essence/turkish rose/sandalwood
Dior Addict Eau Sensuelle,Christian Dior,feminine,rose,jasmine,musk/cedar
Miss Dior Le Parfum,Christian Dior,feminine,mandarin,bulgarian rose/turkish rose,patchouli/amber/vanilla
Hypnotic Poison Eau Secrete,Christian Dior,feminine,sicilian mandarin/orange/calabrian bergamot,sambac jasmine/tunisian neroli,vanilla
Miss Dior Eau De Toilette,Christian Dior,feminine,tunisian neroli,bulgarian rose/turkish rose,indonesian patchouli
Noir Epices,Editions de Parfums Frederic Malle,unisex,orange/rose/geranium,nutmeg/cinnamon/clove/pepper,patchouli/cedarwood/sandalwood
Le Parfum de Therese,Editions de Parfums Frederic Malle,feminine,mandarin/melon/jasmine/pepper,violet/rose/plum/nutmeg,cedar/vetiver/leather
Iris Poudre,Editions de Parfums Frederic Malle,unisex,bergamot/orange/rosewood/ylang-ylang/carnation,magnolia/jasmine/muguet/violetta-rose/aldehydes,iris/musk/amber/vanilla/sandalwood/ebony
Musc Ravageur,Editions de Parfums Frederic Malle,unisex,lavender/bergamot,clove/cinnamon,gaiac wood/cedar/sandalwood/vanilla/tonka/musk
Lys Mediterranee,Editions de Parfums Frederic Malle,unisex,ginger lily/lily of the valley (muguet),angelica root/orange flower/water lily,musk
Une Fleur de Cassie,Editions de Parfums Frederic Malle,unisex,cassie/mimosa/jasmine/clove/cumin/bergamot,rose/violet/apricot/aldehyde/salicylate/,musk cetone/cedarwood/sandalwood
Dans Tes Bras,Editions de Parfums Frederic Malle,feminine,bergamot/clove/violet/jasmine,sandalwood/patchouli/incense/cashmeran,heliotrope/white musk
Geranium pour Monsieur,Editions de Parfums Frederic Malle,masculine,mint/pepper mint/geranium/rhodinol/anethol/floralzone,cinnamon/clove oil,white musk cocktail/ambroxan/sandalwood/incense/syrax
Eau de Givenchy,Givenchy,feminine,bergamot/spearmint/fruity notes,muguet/jasmin/rose/cyclamen,moss/sandal/cedar/musk
Extravagance D'Amarige,Givenchy,feminine,green mandarin/tagete/pink peppercorn,jasmine/orange blossom/violet leaves,sandalwood/cedarwood/musk/ambrox
Givenchy Gentleman,Givenchy,masculine,tarragon/cinnamon,patchouli/vetiver,civet/russian leather
Insense,Givenchy,masculine,blackcurrant/mandarin/basil,magnolia/lily of the valley/iris/lentiscus,firbalsam
Insense Ultramarine,Givenchy,masculine,water fruits/galbanum,cardamom/mint leaves,cedar/vetiver/tobacco
Monsieur de Givenchy,Givenchy,masculine,hesperidian notes,lavender/verbena,oakmoss/sandalwood
Pi,Givenchy,masculine,citrus/aromatic/green/floral,magnetic wood,benzoin crystals
Pi Fraiche,Givenchy,masculine,tangerine/jasmine/,amber,benzoin/woody notes
Xeryus,Givenchy,masculine,grapefruit/artemisia,cypress/gaiac wood/chinese cypriol,amber
Xeryus Rouge,Givenchy,masculine,kumquat/cactus flesh/tarragon,cedar leaf/red pepper/african geranium,sandalwood/cedar
Givenchy pour Homme,Givenchy,masculine,cool grapefruit/mandarin/violet,lush fruits/exotic spices/floral notes,warm woods/vetiver
Into the Blue,Givenchy,unisex,winter bergamot/nettle flower/,sweet pea/white orchid,luminous woody base
Insense Ultramarine Aromatic Ocean - Morning Surf,Givenchy,masculine,citrus,cinnamon,sandalwood
Insense Ultramarine Aromatic Ocean - Evening Dream,Givenchy,masculine,citrus,cinnamon,sandalwood
Insense Ultramarine Aromatic Ocean - Midnight Swim,Givenchy,masculine,cinnamon,cypress,sandalwood
Givenchy pour Homme Blue Label,Givenchy,masculine,grapefruit/hedione/bergamot,cardamom/davana/pepper,olibanum/vetiver/cedar
Eau Torride,Givenchy,unisex,mandarin/bergamot/lemon,jasmine,sandalwood/bamboo
Ange ou Demon,Givenchy,feminine,white thyme/mandarin  from calabria and essence of saffron,maxillaria orchid/lily/ylang ylang,tonka bean/vanilla/rosewood/oak wood absolute
Pi Neo,Givenchy,masculine,bergamot/mandarin,myrtle/cedarwood,patchouli
Ange ou Demon Le Secret,Givenchy,feminine,italian winter lemon/cranberry/green tea leaves,sambac jasmine/white peony/water flowers,blond woods/patchouli
Play for Her,Givenchy,feminine,pink peppercorns/white peach/bergamot/sweet pea,amyris wood/tiare flower/magnolia leaf/magnolia flower,sandalwood/musks
Play Intense for Her,Givenchy,feminine,pink peppercorns/orange flower,amyris wood/tiare flower/orchid,sandalwood/patchouli/tonka bean
Le Bouquet Absolu,Givenchy,feminine,bergamot/neroli/wild berries,jasmine/vanilla orchid/rose,musk/ambergris/juniper
Dahlia Noir,Givenchy,feminine,pink pepper/mandarin/mimosa,rose/iris/patchouli/rose,sandalwood/vanilla/tonka bean
Very Irresistible Givenchy Electric Rose,Givenchy,feminine,blueberry/lemon/basil/verbena,rose/anise/green violet,cedar/musk
Very Irresistible L'Intense,Givenchy,feminine,plum,turkish rose,patchouli/white musk
Givenchy Play Sport,Givenchy,masculine,bergamot/ginger/mint/lemon leaf,amirys wood/pepper,musk
Ange ou Demon Tendre,Givenchy,feminine,mandarin/lily of the valley/orange blossom,lily/peony/heliotrope,rosewood/patchouli
Very Irresistible Tropical Paradise,Givenchy,feminine,anise/mint,passion fruit/rose,sandalwood/musk
Givenchy Play Summer Vibrations,Givenchy,masculine,coriander leaf/citrus,black pepper/sea spray accord,amyris wood
Dahlia Noir Eau de Toilette,Givenchy,feminine,mandarin/peach/lemon,rose/atlas cedar/pink pepper,vanilla/tonkin musk/ambergris/sandalwood
Eaudemoiselle de Givenchy Bois de Oud,Givenchy,feminine,mandarin,turkish rose/orange blossom,cedar/olibanum/amber/vanilla/oud
Very Irresistible Poesie d'un Parfum d'Hiver,Givenchy,feminine,gingerbread/honey/candied orange,star anise/cinnamon/rose,vanilla
Eaudemoiselle de Givenchy Eau Florale,Givenchy,feminine,pear/pink grapefruit,japanese wild rose/jasmine,blonde woods/musk
Very Irresistible Sensual,Givenchy,feminine,peony,rose/star anise,patchouli/vanilla
Gentlemen Only,Givenchy,masculine,birch leaf/green mandarin/nutmeg/pink pepper,cedar/patchouli/vetiver,animalic notes/frankincense
Dahlia Noir L'Eau,Givenchy,feminine,citrus/neroli,rose,patchouli/cedar/musk
Bloom,Givenchy,feminine,raspberry/caviar,iris/violet/tiare,woods/incense/musk
Apres L'ondee,Guerlain,feminine,aniseed/hesperidic notes/rose,violet/hawthorn,iris root
Mitsouko,Guerlain,feminine,bergamot/rose,jasmin/spices/peach,oakmoss/woody notes
L'Heure Bleue,Guerlain,feminine,neroli,carnation/iris,vanilla
Lia,Guerlain,feminine,aldehydes/rose,neroli/jasmine/rose,iris/woody notes/vanilla
Vol de Nuit,Guerlain,feminine,hesperedic notes/narcissus,galbanum/oakmoss/green notes,wood/iris/vanilla/spices
Shalimar,Guerlain,feminine,bergamot,iris/jasmine/rose,vanilla/opoponax/tonka bean
Chant d'Aromes,Guerlain,feminine,hesperidic notes/honeysuckle,gardenia/jasmine/ylang-ylang,sandalwood/oakmoss/vanilla
Chamade,Guerlain,feminine,hyacinth/jasmine,ylang-ylang/blackcurrant bud/galbanum,vanilla/woody notes/balsamic notes
Parure,Guerlain,feminine,hesperidic notes/plum,rose/jasmine/lilac,oakmoss/spices/wood
Nahema,Guerlain,feminine,rose,fruit,vanilla/wood
Samsara,Guerlain,feminine,jasmine/ylang ylang,jasmine/sandalwood/narcissus,tonka/iris/vanilla
Petit Guerlain,Guerlain,feminine,lavender/hesperidic notes,mimosa/jasmine/rose,tonka bean
Aqua Allegoria Flora Nerolia,Guerlain,feminine,neroli/petitgrain,jasmine/orange blossom,incense
Metalys / Metallica,Guerlain,feminine,vanilla,ylang-ylang/orange blossom/carnation,iris/tonka bean
Mayotte / Mahora,Guerlain,feminine,green and fresh,tuberose/frangipani blossoms/neroli/ylang-ylang/jasmine,vetiver/vanilla/sandalwood
Philtre d'Amour,Guerlain,feminine,lemon/bergamot/verbana,jasmine/petigrain/neroli/myrtle,patchouli
Aqua Allegoria Gentiana,Guerlain,feminine,bergamot/grapefruit/limette/lime,bitter orange/gentian/pear,vanilla/musks
Champs-Elysees,Guerlain,feminine,mimosa leaf/almond blossom/rose,buddleia/mimosa blossom,almond wood/hibiscus/hibiscus seed
Aqua Allegoria Herba Fresca,Guerlain,unisex,clover leaf/italian lemon,spearmint/green tea,lily of the valley/cyclamen/pear flower
Aqua Allegoria Lavande Velours,Guerlain,unisex,lavender,lavender/violet/sandalwood,woody/irridescent lavender
Aqua Allegoria Pamplelune,Guerlain,unisex,acidulous grapefruit/bergamot,neroli/petitgrain/cassis,patchouli/vanilla
Aqua Allegoria Winter Delice,Guerlain,unisex,fir trees,scotch pine/balsam,somalian incense/sugar and vanilla
Coriolan,Guerlain,masculine,lemon tree leaves/bergamot,juniper/absinthe/coriander/nutmeg/juniper,oakmoss/patchouli/everlasting flower
Derby,Guerlain,masculine,bergamot/lemon/artemisia/peppermint,pimento/rose/pepper/mace/jasmin,leather/vetiver/sandal/patchouli/moss
Eau de Guerlain,Guerlain,unisex,lemon/bergamot/basil/petitgrain/caraway,rose/jasmin/patchouli/carnation/sandal,amber/moss/musk
Eau de Cologne Imperiale,Guerlain,unisex,bergamot/neroli/verbena/lemon/orange,lavender,cedarwood/tonka bean
Habit Rouge,Guerlain,masculine,bergamot/lemon/rosewood/basil/pimento,sandal/carnation/patchouli/cedar/rose/cinnamon,vanilla/amber/moss/leather/benzoin/labdanum/olibanum
Heritage,Guerlain,masculine,lemon/lavender/bergamot,coriander/pink peppercorn,patchouli/cerdarwood/tonka beans/vanilla
Jicky,Guerlain,unisex,lemon/mandarin/bergamot/rosewood,orris/jasmin/patchouli/rose/vetiver,leather/amber/civet/tonka/incense/benzoin
Vetiver,Guerlain,masculine,bergamot/lemon/mandarin/neroli/coriander,vetiver/cedar,tobacco/nutmeg/pepper/tonka bean/capiscum
Vetiver Eau Glacee,Guerlain,masculine,lime/orange/bergamot,neroli/pepper/nutmeg,tonka/vetiver
Love is all,Guerlain,feminine,mandarin/pink pepper,orange blossom/mimosa/petals/iris,wood notes/amber
Lights of Champs-Elysees,Guerlain,feminine,almond flower/pink peppercorns,mimosa/iris wood/ylang-ylang,vetiver/vanilla/virginia cedar
Vetiver Extreme,Guerlain,masculine,lemon/bergamot/artemisia,olibanum/pepper/nutmeg,tonka bean/vetiver/cedar
L'Instant d'un Ete pour Homme,Guerlain,masculine,neroli/star anise crystals/yellow and green lemon/grapefruit/pink pepper/elem,patchouli/cedarwood/mysore sandalwood,bitter cocoa beans/hibiscus seeds/tea
L'Instant d'un Ete,Guerlain,feminine,grapefruit/bitter orange,magnolia/ylang-ylang/sambac jasmine,vanilla/benzoin/musks/amber
Nuit d'Amour,Guerlain,feminine,bay rose/aldehydes,may rose/iris,powdery notes/sandalwood
My Insolence,Guerlain,feminine,raspberry,almond blossom/jasmine,patchouli/vanilla/tonka bean
Cruel Gardenia,Guerlain,feminine,peach/neroli/damask rose,ylang-ylang/gardenia/white musk/violet,tonka bean/sandalwood
Les Elixirs Charnels - Oriental Bra»lant,Guerlain,feminine,white almond,vanilla,styrax/tonka bean
Les Secrets de Sophie,Guerlain,feminine,petitgrain/bigarade orange/tunisian neroli/bergamot,orange blossom/jasmine/violet leaves/ylang-ylang,tonka bean/incense/vanilla/white musk
Idylle,Guerlain,feminine,lily of the valley/lilac/peony/freesia/jasmine,bulgarian roses/plessis robinson rose,patchouli/white musk
Arsene Lupin Dandy,Guerlain,masculine,bergamot/bigarade/pink peppercorn/cardamom,sandalwood/patchouli,cistus/olibanum
Shalimar Parfum Initial,Guerlain,feminine,bergamot/orange/green notes,fruity notes/rose/jasmine/iris,patchouli/vetiver/vanilla/tonka bean/white musk
"Une Ville, un Parfum : Moscow",Guerlain,unisex,pine needles/absinthe/plum/redcurrant/bergamot/lemon,jasmine,tonka bean/sandalwood/vanilla/white musk
"Une Ville, un Parfum : New York",Guerlain,unisex,bergamot,cinnamon/cardamom,cedar/vanilla
"Une Ville, un Parfum : Tokyo",Guerlain,unisex,green tea,jasmine/violet,vanilla/hinoki
"Une Ville, un Parfum : London",Guerlain,unisex,bergamot/rhubarb/grapefruit,cardamom/rose/violet,vetiver/black tea/white cedar
Aqua Allegoria Flora Nymphea,Guerlain,feminine,citrus notes/green accents/wild berries,orange blossom/syringa/honey,wood/musk
Cherry Blossom Delight,Guerlain,feminine,bergamot,cherry blossom,green tea
L'Instant Magic Elixir,Guerlain,feminine,bergamot/flowery notes,cedar/sandalwood/musk,vanilla/almonds
Les Elixirs Charnels - Boise Torride,Guerlain,feminine,bergamot/tangerine/pink berries,marshmallow/orange blossom/jasmine,patchouli/white musk/cedar
Mon Precieux Nectar,Guerlain,feminine,petitgrain/bitter almond,jasmine/orange blossom,woods/incense/vanilla/white musk
Shalimar Ode a  la Vanille,Guerlain,feminine,lemon/bergamot,mayotte vanilla/madagascar vanilla/rose/jasmine/iris,incense/opoponax/tonka bean
Aqua Allegoria Jasminora,Guerlain,feminine,galbanum/bergamot,cyclamen/jasmine/lily of the valley,musk/amber
Myrrhe et Delires,Guerlain,unisex,citrus/pepper,patchouli/somalian myrrh/iris/violet/peach/rose/jasmine,musk/woody amber/frankincense
Guerlain Homme L'Eau Boisee,Guerlain,masculine,lime/mint,rum,woods/vetiver
Habit Rouge LÂ’Eau,Guerlain,masculine,seville orange/hazelnut,jasmine,woody notes/vanilla
Idylle Eau Sublime,Guerlain,feminine,rosewater/lychee,rose/jasmine/peach,patchouli/white musk
Shalimar Parfum Initial L'Eau,Guerlain,feminine,orange/bergamot/grapefruit/neroli,damascena rose/jasmine/iris,vanilla/tonka bean
Shalimar Parfum Initial L'Eau,Guerlain,feminine,orange/bergamot/grapefruit/neroli,damascena rose/jasmine/iris,vanilla/tonka bean
Les Elixirs Charnels - Floral Romantique,Guerlain,feminine,mandarin/orange/jasmine,ylang-ylang/tiare flower/carnation/lily,cedar/chestnut/ambrette/mate
La Petite Robe Noire 2012,Guerlain,feminine,black cherry/bergamot/red berries/almond,bulgarian rose/turkish rose/licorice/smoked black tea,aniseed/tonka bean/vanilla/iris/patchouli
Eau de Shalimar,Guerlain,feminine,orange/bergamot/lime,rose/jasmine,vanilla/iris/resin
Muguet 2012,Guerlain,feminine,green notes,lilac/lily of the valley,jasmine/rose
Les Deserts d'Orient - Encens Mythique d'Orient,Guerlain,unisex,aldehydes/rose/saffron,patchouli/vetiver,ambergris/moss/frankincense
Les Deserts d'Orient - Rose Nacree du Desert,Guerlain,unisex,patchouli/saffron,cardamom/curcuma/oud,benzoin/myrrh
Les Deserts d'Orient - Songe d'un Bois d'Ete,Guerlain,unisex,laurel/neroli,jasmine/patchouli/saffron/cedar,leather/myrrh
Le Bolshoi Saison 2012 La Traviata,Guerlain,feminine,bergamot/petitgrain/orange/neroli,jasmine/violet,vanilla/tonka bean/incense/white musk
La Petite Robe Noire Eau De Toilette,Guerlain,feminine,rose/jasmine/orange blossom,cherry/apple/blackcurrant/green notes,white amber/musk notes
Amazone (original),Hermes,feminine,bergamot/geranium/cassie/hyacinth,muguet/orris/rose/jasmin,cedarwood/oakmoss/vetiver/amber
Bel Ami,Hermes,masculine,lemon,ylang-ylang/iris,vanilla/sandalwood/vetiver
Eau d'Orange Verte,Hermes,unisex,lemon/mandarin,papaya/mango,oakmoss/patchouli
Equipage,Hermes,masculine,rosewood/bergamot/lily of the valley,carnation/jasmine/pine,tonka/vetiver/patchouli
Rocabar,Hermes,masculine,juniper berry/cedar needles/lavender/nutmeg/cinnamon,cypress/atlas cedar/virginia cedar,basalm/vanilla
Eau des Merveilles,Hermes,feminine,vetiver/oak/cedar,ambergris,lemon/orange/elemi/pink pepper
Un Jardin sur le  Nil,Hermes,unisex,green mango/grapefruit,calamus/lotus,sycamore/frankincense
Terre d'Hermes Parfum,Hermes,masculine,grapefruit/orange/shiso,flint accord,woody notes
Eau Claire des Merveilles,Hermes,feminine,citrus/aldehydes,floral notes/spices,vanilla/powder/driftwood
Hermessence Santal Massoia,Hermes,unisex,green fig,sandalwood/massoia bark/coconut,sandalwood/vetiver
Eau des Merveilles Au Bal des Etoiles,Hermes,feminine,bitter orange,pepper/oak,ambergris/amber
Eau de Mandarine Ambree,Hermes,unisex,mandarin,passion fruit,amber
Joy,Jean Patou,feminine,aldehydes/peach/leafy green,rose/jasmine/ylang-ylang/tuberose,sandalwood/musk/civet
Enjoy,Jean Patou,feminine,cassis/green banana/orange/bergamot/pear/mandarin,bulgarian rose/turkish rose/hedione/indian jasmine,patchouli/musk/vanilla/amber
Patou pour Homme,Jean Patou,masculine,hot pepper/lavender/tarragon/black pepper/bergamot/galbanum,bourbon vetiver/cedar/patchouli/clary sage,oakmoss/sandalwood/mysore/cistus labdanum
Voyageur,Jean Patou,masculine,grapefruit/orange,lavender/sage,cedarwood/sandalwood/oakmoss
Sira des Indes,Jean Patou,feminine,banana accords/bergamot/pear/pink berries/cardamom,floral notes,musk/amber/vanilla/sandalwood
Eau de Patou pour Homme,Jean Patou,masculine,petitgrain/orange/sicilian lemon/lime,honeysuckle/pepper/tunisian orange blossom/ylang ylang/nasturcia,amber/musk/civet/oak moss
Clair de Musc,Serge Lutens Les Salons du Palais Royal Shiseido,feminine,musk/bergamot/neroli/tuscan iris,N/A,N/A
Daim Blond,Serge Lutens Les Salons du Palais Royal Shiseido,unisex,hawthorn/cardamom,iris/apricot stone/pallida,musk/heliotrope/leather
Chene,Serge Lutens Les Salons du Palais Royal Shiseido,unisex,sap notes/cedar crystals/black thyme,silver birch/rum/beeswax/oak,undergrowth note/tonka
Chypre Rouge,Serge Lutens Les Salons du Palais Royal Shiseido,unisex,thyme/pine needles,honey/beeswax/jasmine,patchouli/vanilla/moss/amber/musks
Santal Majuscule,Serge Lutens Les Salons du Palais Royal Shiseido,unisex,rose,tonka bean/rosewood,sandalwood/cocoa
Opium,Yves Saint Laurent,feminine,mandarin/bergamot/lily of the valley,jasmine/carnation/myrrh,vanilla/patchouli/opoponaux/amber
Baby Doll Paris,Yves Saint Laurent,feminine,grapefruit/redcurrant/rhubarb,rose/freesia/spices,peach/grenadine/cedarwood
Nu Eau de Parfum,Yves Saint Laurent,feminine,bergamot,white orchid/black pepper,incense absolut/woody notes/spicy notes/vetiver
Nu Eau de Toilette,Yves Saint Laurent,feminine,bergamot/coriander,white orchid/jasmine absolute,incense
Paris Premieres Roses,Yves Saint Laurent,feminine,alba rose buds/orange blossom/violet,centiflora rose/muguet/jasmine,sandalwood/vetiver/musk
Body Kouros,Yves Saint Laurent,masculine,incense/eucalyptus,cedarwood from china/mace,camphor wood/benzoin
Jazz,Yves Saint Laurent,masculine,artemisia/lavender/bergamot,nutmeg/geranium/carnation/cinnamon,sandalwood/cedarwood/leather/amber/moss
Jazz Prestige,Yves Saint Laurent,masculine,bergamot/mint,geranium/apple,sandalwood
Kouros,Yves Saint Laurent,masculine,clove,oakmoss,incense
Kouros Fraicheur,Yves Saint Laurent,masculine,bergamot,orange blossom/pineapple,amber/patchouli/vetiver
Live Jazz,Yves Saint Laurent,masculine,bitter lemon peel/grapefruit/iced mint,coriander/wild reed/rhubarb leaf,cedarwood/ambergris/hint of vanilla
Opium pour Homme,Yves Saint Laurent,masculine,star anise/blackcurrant,chinese galanga/szechuan pepper,bourbon vanilla/tolu balm/atlas cedar
YSL pour Homme,Yves Saint Laurent,masculine,lemon,thyme,vetiver
M7,Yves Saint Laurent,masculine,bergamot/mandarin/rosemary,vetiver/agarwood,amber/musk/mandrake root
Kouros Cologne Sport,Yves Saint Laurent,masculine,frozen cedrat/bergamot/tangerine/citrus notes,jasmine/cyclamen,cedarwood/ambergris
Rive Gauche pour Homme,Yves Saint Laurent,masculine,bergamot/star anise/rosemary,lavender/geranium leaves/cloves,vetiver/gaiac wood/patchouli
Cinema,Yves Saint Laurent,feminine,clementine/almond blossom/cyclamen,amarillys/sambac jasmin/peony,amber/white musks/bourbon vanilla/benzoin
Opium Fleur de Shanghai,Yves Saint Laurent,feminine,mandarin,magnolia/star jasmine/carnation,myrrh/vanilla
Paris Roses Enchantees,Yves Saint Laurent,feminine,garden roses/orange blossom/violets,apricotâ rose/lilac rose/muguet,white musks/sandalwood
Paris Roses des Vergers Springtime,Yves Saint Laurent,feminine,cherry blossom/cyclamen/black currant leaf,pear blossom/tender rose/wild rose,musks/sandalwood/rhodes wood
Elle,Yves Saint Laurent,feminine,lychee/citron/peony,jasmin sambac/pink berries,vetiver/patchouli/woody notes
Opium pour Homme Poesie de Chine Eau d'Orient,Yves Saint Laurent,masculine,grapefruit/bergamot/star anise,orange blossom/nutmeg/white pepper,vetiver/sandalwood/amber
Baby Doll Honeymoon,Yves Saint Laurent,feminine,passion fruit/redcurrant/rhubarb,passion flower/jasmine/wild rose,musk/cedar wood
Parisienne,Yves Saint Laurent,feminine,cranberry/blackberry,damask rose/violet/peony/leather,patchouli/vetyver/musk/sandalwood
Elle Shocking,Yves Saint Laurent,feminine,mandarin/ginger/peony/freesia/jasmine,floral notes/raspberry,musk/cedar/patchouli
Parisienne L'Essentiel,Yves Saint Laurent,feminine,vinyl accord/pink peppercorn/blackberry,damascan rose/iris/sambac jasmine,white leather accord/tonka bean and musk
L'Homme Libre,Yves Saint Laurent,masculine,calabria bergamot/nutmeg/pink pepper,violet leaf accord/grand vert basil/star anise,indonesia patchouli/haiti vetiver/leather
M7 Oud Absolu,Yves Saint Laurent,masculine,mandarin/mineral notes,oud/patchouli,rockrose/myrrh/amber notes
La Nuit de L'Homme Le Parfum,Yves Saint Laurent,masculine,bergamot/anise/pepper,lavender/labdanum/fruity notes,vetiver/patchouli/vanilla
L'Homme Cologne Gingembre,Yves Saint Laurent,masculine,calabrian bergamot/ozone aquatic accords,chinese ginger/white pepper/basil,cedar/oak moss/vetiver/musk
Opium Vapeurs de Parfum,Yves Saint Laurent,feminine,mandarin/pink pepper,orange blossom/jasmine,incense/amber/nutmeg/vanilla/woods
Parisienne L'Eau,Yves Saint Laurent,feminine,rose/green freshness/vinyl accord,red fruits/cranberry/blackcurrant,patchouli/white cedar/musk
La Nuit de L'Homme Frozen Cologne,Yves Saint Laurent,masculine,lemon/mandarin/bergamot/frozen cocktail accord,geranium/pepper,tonka bean/cashmere wood/vetiver/cedar/musk
Paris Premieres Roses 2012,Yves Saint Laurent,feminine,wild rose/violet/orange blossom,peony/lily of the valley/may rose,sandalwood/white musk
Manifesto,Yves Saint Laurent,feminine,bergamot/cassis/green notes,jasmin sambac/lily of the valley,sandalwood/vanilla/tonka bean
Elle Edition Limitee 2012,Yves Saint Laurent,feminine,mandarin/grapefruit/peony,pink pepper/raspberry/sambac jasmine,amber/benzoin/vetiver
Parisienne a  l'Extreme,Yves Saint Laurent,feminine,black elder,damascus rose/violet,musk/suede/patchouli
